random_label;unique_id;plant_sp;fungal_sp;replicate;treatment;block;Height.t0;Height.t1;t1.t0;Dead.Sick;blockx;#cassette;total_root_wet;small_subsample_wet;large_subsample_wet;large_subsample_dry;total_root_dry;shoot_weight
1;399;GSH;OMA;4;45;7;0,6;2,6;2;;1;1;0,0616;0,0616;0;;;0,0061
2;197;RFE;MEV;9;21;1;0,4;3;2,6;;1;2;0,0005;0,0005;0;;;
3;284;RAR;MEB;8;31;6;0,3;1,1;0,8;;1;3;0,0447;0,0447;0;;;0,0108
4;159;VVI;RHE;5;17;7;0,5;2,5;2;;1;4;0,0212;0,0212;0;;;0,0094
5;640;VAN;MGK;4;73;8;0,6;1,8;1,2;;1;5;0,0091;0,0091;0;;;0,0018
6;431;RFE;JPK-87;9;48;4;0,3;0,4;0,1;;1;6;0,003;;0,0011;;;0,0009
7;561;VAN;RER;3;64;6;0,4;2;1,6;;1;7;0,0252;;0,0083;0,0025;;0,0041
8;536;KLA;JPK-132;6;60;7;0,1;1,2;1,1;;1;8;0,0057;;0,0017;0,0004;;0,0052
9;453;KLA;JPK-87;1;51;2;0,3;0,7;0,4;;1;9;0,0046;0,0046;0;;;0,0011
10;307;PJA;MEB;4;34;6;1,4;2;0,6;;1;10;0,0584;;0,0255;;;0,0086
11;92;VAN;RHE;2;10;4;1,1;2,8;1,7;;1;11;0,022;;0,0086;0,0018;;0,0064
12;10;VAN;STR;10;1;8;0,6;1,1;0,5;;1;12;0,0072;;0,0041;;;0,0028
13;386;PJA;OMA;5;43;4;0,7;1;0,3;;1;13;0,0148;;0,0065;0,0016;;0,0049
14;526;VMY;JPK-132;6;59;4;2;2,6;0,6;;1;14;0,0675;;0,282;0,008;;0,0133
15;237;VVI;MEV;5;26;6;0,7;2;1,3;;1;15;0,0252;;0,0123;0,0034;;0,0105
16;145;KLA;RHE;5;15;7;0,1;1,2;1,1;;1;16;0,0114;;0,0025;0,0008;;0,0036
17;519;RAR;JPK-132;9;58;2;1,8;3,7;1,9;;1;17;0,1844;;0,0766;0,017;;0,0422
18;263;CVU;MEB;7;29;3;0,6;1,9;1,3;;1;18;0,0248;;0,0083;0,002;;0,0069
19;224;KLA;MEV;6;24;2;0,2;1;0,8;;1;19;0,0114;;0,005;0,0012;;0,0018
20;375;KLA;OMA;1;42;1;0,6;0,9;0,3;;1;20;0,001;0,001;0;;;0,0012
21;672;RAR;MGK;6;76;6;0,6;2,5;1,9;;1;21;0,069;;0,0318;0,0061;;0,0225
22;467;VVI;JPK-87;1;53;5;1;1,1;0,1;;1;22;0,0066;;0,0006;;;0,0015
23;115;RFE;RHE;5;12;2;0,4;0,6;0,2;;1;23;0,01;;0,003;;;0,0019
24;346;RFE;OMA;2;39;8;0,2;0,6;0,4;;1;24;0,0052;;0,0009;0,0003;;0,0035
25;557;GSH;JPK-132;6;63;5;2;7,7;5,7;;1;25;0,1929;;0,0964;0,0151;;0,0239
26;651;CVU;MGK;5;74;6;0,2;2,3;2,1;;1;26;0,0496;;0,0183;0,0035;;0,0105
27;247;VAN;MEB;1;28;1;0,7;0,9;0,2;;1;27;0,0072;;0,0031;0,001;;0,0007
28;200;RAR;MEV;2;22;5;0,6;2,8;2,2;;1;28;0,0981;;0,0656;0,009;;0,0236
29;360;RAR;OMA;6;40;8;0,5;2,2;1,7;;1;29;0,0198;;0,0087;0,0013;;0,0082
30;302;KLA;MEB;6;33;2;0,6;0,6;0;;1;30;0,0025;0,0025;0;;;0,0029
31;178;VAN;MEV;10;19;4;0,6;1,5;0,9;;1;31;0,0162;;0,0084;0,0018;;0,0011
32;592;RAR;RER;4;67;3;0,7;1,7;1;;1;32;0,0093;;0,0033;0,0009;;0,004
33;316;VVI;MEB;6;35;7;0,8;1,2;0,4;?;1;33;0,001;;0,0005;;;0,0005
34;612;KLA;RER;4;69;6;0,7;1,1;0,4;;1;34;0,0136;;0,0055;0,0013;;0,0039
35;619;PJA;RER;4;70;5;1,3;2,9;1,6;;1;35;0,0879;;0,0526;0,0138;;0,0183
36;665;RFE;MGK;9;75;4;0,5;0,8;0,3;;1;36;0,0041;;0,0015;;;0,001
37;139;VMY;RHE;9;14;8;1,5;1,6;0,1;;1;37;0,0223;;0,008;0,0017;;0,0107
38;480;GSH;JPK-87;7;54;3;2;1,4;-0,6;;1;38;0,0108;;0,0061;0,0012;;0,0026
39;54;KLA;STR;4;6;3;0,1;0,7;0,6;;1;39;0,0037;;0,0008;;;0,0014
40;490;VAN;JPK-132;10;55;7;0,6;3,7;3,1;;1;40;0,0353;;0,0197;;;0,0106
41;373;VMY;OMA;9;41;5;1,1;1,9;0,8;;1;41;0,0472;;0,0243;;;0,0111
42;327;VAN;OMA;3;37;4;0,5;2,3;1,8;;1;42;0,0203;;0;;;0,0081
43;27;RFE;STR;7;3;1;0,2;0,4;0,2;;1;43;0,0027;0,0027;0;;;
44;389;VVI;OMA;1;44;1;2,1;3,2;1,1;;1;44;0,0165;;0,0117;0,0021;;0,0067
45;440;RAR;JPK-87;8;49;7;1,1;1,2;0,1;;1;45;0,0052;;0,002;0,0005;;0,0025
46;69;PJA;STR;9;7;2;0,8;2,3;1,5;;1;46;0,0137;;0,0073;0,0016;;0,0116
47;498;CVU;JPK-132;8;56;5;0,7;3,3;2,6;;1;47;0,0427;;0,0272;0,0046;;0,0131
48;240;GSH;MEV;1;27;1;3;5,8;2,8;;1;48;0,1805;0,0819;0,0986;0,0123;;0,0339
49;320;GSH;MEB;3;36;5;1,8;3,1;1,3;;1;49;0,0548;;0,0331;0,0048;;0,0097
50;588;RFE;RER;10;66;8;1;1,4;0,4;;1;50;0,0248;;0,0211;0,0045;;0,0147
51;185;CVU;MEV;7;20;8;0,4;2,8;2,4;;1;51;0,0574;;0,0372;0,0058;;0,0107
52;231;PJA;MEV;6;25;2;1,1;2,3;1,2;;1;52;0,0336;;0,0231;0,0055;;0,0094
53;506;RFE;JPK-132;6;57;1;0,5;1;0,5;;1;53;0,012;;0,0075;0,0014;;0,0027
54;683;VMY;MGK;7;77;6;NA;1,1;1,1;*;1;54;0,003;;0,0018;;;0,0031
55;703;VVI;MGK;3;80;4;2,5;3,5;1;;1;55;0,0398;;0,0245;0,0055;;0,0132
56;148;PJA;RHE;1;16;1;1,2;1,6;0,4;;1;56;0,0269;;0,0151;0,0035;;0,0089
57;549;VVI;JPK-132;5;62;7;0,9;2,8;1,9;;1;57;0,043;;0,0261;0,0046;;0,0129
58;33;RAR;STR;3;4;2;1,4;1,2;-0,2;;1;58;0,0047;;0,0012;;;0,0019
59;11;CVU;STR;1;2;5;0,5;0,7;0,2;;1;59;0,0024;;0,0011;;;0,0008
60;447;VMY;JPK-87;5;50;3;0,9;2,3;1,4;;1;60;0,027;;0,0196;0,004;;0,0066
61;416;CVU;JPK-87;4;47;5;0,7;0,7;0;;1;61;0,0058;0,0058;0;;;0,0011
62;602;VMY;RER;4;68;1;0,4;2,4;2;;1;62;0,0321;;0,0179;0,0035;;0,0089
63;460;PJA;JPK-87;1;52;2;1,6;2,2;0,6;;1;63;0,0198;;0,0067;0,0018;;0,0023
64;81;GSH;STR;1;9;1;0,5;2,6;2,1;;1;64;0,0282;;0,0178;0,0009;;0,0043
65;129;RAR;RHE;9;13;7;0,7;1,4;0,7;;1;65;0,0093;0,0093;0;;;0,0039
66;623;VVI;RER;1;71;1;0,6;2,9;2,3;;1;66;0,0122;;0,0068;;;0,0074
67;214;VMY;MEV;6;23;4;1,1;3,6;2,5;;1;67;0,0682;;0,0528;0,0115;;0,022
68;292;VMY;MEB;6;32;8;1;1,8;0,8;;1;68;0,0104;;0,0068;0,0012;;0,0064
69;574;CVU;RER;6;65;7;0,7;3,6;2,9;;1;69;0,0744;;0,0444;0,0089;;0,021
70;632;GSH;RER;3;72;8;1,2;3,1;1,9;;1;70;0,0486;;0,0285;0,0038;;0,0045
71;708;GSH;MGK;1;81;1;2,8;4,2;1,4;;1;71;0,036;;0,0255;0,0038;;0,0069
72;691;KLA;MGK;5;78;2;0,1;1,2;1,1;;1;72;0,0046;0,0046;0;;;0,0025
73;337;CVU;OMA;3;38;4;0,6;2;1,4;;1;73;0,0166;;0,0086;0,0012;;0,0039
74;540;PJA;JPK-132;3;61;6;1,8;3,7;1,9;;1;74;0,1771;;0,1218;0,0218;;0,0412
75;165;GSH;RHE;4;18;6;0,5;2;1,5;;1;75;0,025;;0,0159;0,0018;;0,0035
76;48;VMY;STR;8;5;6;1,4;2;0,6;;1;76;0,0103;;0,0056;0,0023;;0,0059
77;274;RFE;MEB;8;30;3;0,2;1;0,8;;1;77;0,0289;0,0289;0;;;0,0059
78;408;VAN;JPK-87;6;46;7;0,8;0,7;-0,1;;1;78;0,0047;0,0047;0;;;0,001
79;696;PJA;MGK;3;79;4;0,9;1,6;0,7;;1;79;0,0286;;0,0194;0,0037;;0,0091
80;102;CVU;RHE;2;11;5;0,7;0,7;0;;1;80;0,0008;0,0008;0;;;0,0007
81;80;VVI;STR;10;8;2;0,9;1,9;1;;1;81;0,0042;0,0042;0;;;0,0021
82;253;VAN;MEB;7;28;8;0,6;1,9;1,3;;2;82;0,016;;0,0122;0,0037;;0,0029
83;550;VVI;JPK-132;6;62;3;2,5;5,7;3,2;;2;83;0,0655;;0,0497;0,0096;;0,0239
84;188;CVU;MEV;10;20;8;0,4;2;1,6;;2;84;0,0134;;0,0092;0,0016;;0,0055
85;261;CVU;MEB;5;29;4;0,3;0,9;0,6;;2;85;0,0089;;0,0053;0,0007;;0,0037
86;377;KLA;OMA;3;42;4;0,3;0,3;0;;2;86;0,0019;0,0019;0;;;0,0017
87;535;KLA;JPK-132;5;60;2;0,7;2,1;1,4;;2;87;0,0696;;0,0624;0,0088;;0,0157
88;570;CVU;RER;2;65;8;0,2;3,5;3,3;;2;88;0,0285;;0,0197;0,0029;;0,0105
89;713;GSH;MGK;6;81;6;2;2,5;0,5;;2;89;0,0404;;0,0256;0,0039;;0,0055
90;282;RAR;MEB;6;31;1;1;1,4;0,4;;2;90;0,01;;0,0056;0,0004;;0,0029
91;118;RFE;RHE;8;12;7;0,2;0,6;0,4;;2;91;0,006;;0,003;0,0009;;0,0021
92;390;VVI;OMA;2;44;3;1,2;2,8;1,6;;2;92;0,0102;;0,0053;0,0014;;0,0048
93;235;VVI;MEV;3;26;3;3,3;6,7;3,4;;2;93;0,0871;;0,0717;0,0152;;0,0374
94;298;KLA;MEB;2;33;1;0,5;0,7;0,2;;2;94;0,0127;;0,0078;0,0017;;0,0034
95;37;RAR;STR;7;4;7;2,3;2,3;0;;2;5;0,0121;;0,005;0,0005;;0,004
96;472;VVI;JPK-87;6;53;6;2,6;2,6;0;;2;96;0,0127;;0,0107;0,0027;;0,0066
97;222;KLA;MEV;4;24;7;0,3;1;0,7;;2;97;0,008;;0,0037;0,0006;;0,0045
98;332;VAN;OMA;8;37;4;0,6;2,7;2,1;;2;98;0,0127;;0,0083;0,0018;;0,0045
99;628;VVI;RER;6;71;6;1,2;3,5;2,3;;2;99;0,0352;;0,0224;0,0057;;0,0142
100;141;KLA;RHE;1;15;4;0,3;0,6;0,3;;2;100;0,0054;;0,0024;0,0004;;0,0018
101;131;VMY;RHE;1;14;5;NA;2;2;*;2;101;0,0184;;0,0116;0,002;;0,0064
102;415;CVU;JPK-87;3;47;2;0,5;0,6;0,1;;2;102;0,001;0,001;0;;;0,0005
103;161;VVI;RHE;7;17;1;2,3;5,2;2,9;;2;103;0,0186;;0,01;0,0025;;0,0135
104;543;PJA;JPK-132;6;61;1;2,2;4,3;2,1;;2;104;0,0733;;0,0519;0,0099;;0,0225
105;163;GSH;RHE;2;18;4;1,5;2,6;1,1;;2;105;0,0493;;0,0319;0,0037;;0,0052
106;609;KLA;RER;1;69;7;0,2;1,6;1,4;;2;106;0,0228;;0,0133;0,0016;;0,01
107;293;VMY;MEB;7;32;8;1,2;2;0,8;;2;107;0,0218;;0,0156;0,0036;;0,0148
108;78;VVI;STR;8;8;5;1,4;2;0,6;;2;108;0,0103;;0,0048;0,0013;;0,0024
109;591;RAR;RER;3;67;7;1;1,6;0,6;;2;109;0,0381;;0,0275;0,0037;;0,0083
110;678;VMY;MGK;2;77;8;0,6;1,7;1,1;;2;110;0,0062;;0,0027;0,0009;;0,0045
111;345;RFE;OMA;1;39;8;0,4;0,5;0,1;;2;111;0,0018;0,0018;0;;;0,001
112;67;PJA;STR;7;7;8;1,3;2,9;1,6;;2;112;0,0225;;0,0169;0,0032;;0,0116
113;245;GSH;MEV;6;27;5;0,6;4,2;3,6;;2;113;0,0859;;0,075;0,0091;;0,0151
114;387;PJA;OMA;6;43;7;1,4;1,6;0,2;;2;114;0,0173;;0,0138;0,003;;0,006
115;86;GSH;STR;6;9;6;2,2;5;2,8;;2;115;0,082;;0,0609;0,0084;;0,0141
116;700;PJA;MGK;7;79;7;1;2,5;1,5;;2;116;0,065;;0,038;0,0067;;0,0167
117;304;PJA;MEB;1;34;5;1,3;2,1;0,8;;2;117;0,0241;;0,014;0,0031;;0,0079
118;662;RFE;MGK;6;75;1;0,2;0,3;0,1;;2;118;0,0031;;0,0019;;;0,0008
119;690;KLA;MGK;4;78;3;0,5;0,6;0,1;;2;119;;;;;;0,0008
120;108;CVU;RHE;8;11;6;NA;0,1;0,1;*;2;120;;;;;;
121;15;CVU;STR;5;2;8;1;1,2;0,2;;2;121;0,0056;;0,0023;;;0,001
122;25;RFE;STR;5;3;3;0,2;0,3;0,1;;2;122;0,0005;0,0005;0;;;
123;342;CVU;OMA;8;38;8;0,6;0,9;0,3;used the backup;2;123;0,0029;;0,0008;;;0,0008
124;558;GSH;JPK-132;7;63;1;2;5,7;3,7;;2;124;0,1117;;0,0817;0,0118;;0,0178
125;648;CVU;MGK;2;74;8;0,5;2,5;2;;2;125;0,0259;;0,0171;0,0024;;0,0059
126;47;VMY;STR;7;5;3;1,5;1,6;0,1;;2;126;0,0156;;0,0118;0,0014;;0,0066
127;355;RAR;OMA;1;40;5;1,4;2,5;1,1;;2;127;0,0412;;0,0279;0,0039;;0,0107
128;702;VVI;MGK;2;80;6;0,7;2;1,3;;2;128;0,0062;;0,0038;0,0011;;0,0022
129;676;RAR;MGK;10;76;7;0,9;1,7;0,8;;2;129;0,0322;;0,028;0,0039;;0,0124
130;5;VAN;STR;5;1;2;0,7;1,8;1,1;;2;130;0,0147;0,0017;0,013;0,0025;;0,0065
131;620;PJA;RER;5;70;3;0,9;2,6;1,7;;2;131;0,0345;;0,025;0,0053;;0,012
132;125;RAR;RHE;5;13;3;0,8;1,8;1;;2;132;0,0102;;0,0045;0,0008;;0,007
133;510;RFE;JPK-132;10;57;5;0,6;1,1;0,5;;2;133;0,0342;;0,023;0,0035;;0,0063
134;169;VAN;MEV;1;19;8;0,5;4,1;3,6;;2;134;0,0712;;0,0573;0,013;;0,025
135;492;CVU;JPK-132;2;56;4;0,6;2,6;2;;2;135;0,0472;;0,0324;0,0048;;0,0155
136;212;VMY;MEV;4;23;3;2;3,5;1,5;;2;136;0,0736;;0,0695;0,0141;;0,027
137;607;VMY;RER;9;68;6;1;2,8;1,8;;2;137;0,0737;;0,0579;0,0102;;0,023
138;153;PJA;RHE;6;16;3;0,7;1,1;0,4;;2;138;0,0088;;0,0066;0,0015;;0,0027
139;412;VAN;JPK-87;10;46;5;0,7;0,6;-0,1;;2;139;0,0045;;0,0025;0,0008;;0,0007
140;455;KLA;JPK-87;3;51;3;0,4;0,6;0,2;;2;140;0,0032;;0,0014;0,0004;;0,0017
141;58;KLA;STR;8;6;6;0,3;0,4;0,1;;2;141;0,0015;;;;;0,0005
142;521;VMY;JPK-132;1;59;2;0,6;2,4;1,8;;2;142;0,0487;;0,0161;0,0066;;0,0129
143;227;PJA;MEV;2;25;1;1,1;2,9;1,8;;2;143;0,0544;;0,0495;0,0105;;0,0173
144;477;GSH;JPK-87;4;54;7;3,3;5,5;2,2;;2;144;0,0364;;0,0127;0,0051;;0,0139
145;639;VAN;MGK;3;73;5;0,4;1,5;1,1;;2;145;0,008;;0,0046;0,0011;;0,0049
146;368;VMY;OMA;4;41;4;1,8;2,1;0,3;;2;146;0,0241;;0,0173;0,0034;;0,0113
147;97;VAN;RHE;7;10;7;0,6;3,7;3,1;;2;147;0,0323;;0,0243;0,005;;0,0113
148;203;RAR;MEV;5;22;1;1;2,8;1,8;;2;148;0,0389;;0,0271;0,0047;;0,0144
149;637;VAN;MGK;1;72;3;1;1,9;0,9;;2;149;0,005;;0,0045;0,0013;;0,0021
150;445;VMY;JPK-87;3;50;5;1;1,5;0,5;;2;150;0,008;;0,0049;0,001;;0,0026
151;273;RFE;MEB;7;30;5;0,3;0,5;0,2;;2;151;0,0011;;;;;0,0006
152;317;VVI;MEB;7;35;1;0,5;2,5;2;;2;152;0,0049;;0,0032;0,0004;;0,0071
153;511;RAR;JPK-132;1;58;1;1,7;3,1;1,4;;2;153;0,0273;;0,0162;0,0029;;0,0184
154;442;RAR;JPK-87;10;49;7;1,5;1,4;-0,1;;2;154;0,0106;;0,0054;0,0009;;0,0047
155;583;RFE;RER;5;66;7;0,5;1,2;0,7;;2;155;0,0225;;0,0142;0,003;;0,0063
156;485;VAN;JPK-132;5;55;8;1;4;3;;2;156;0,0653;;0,0543;0,0133;;0,0228
157;398;GSH;OMA;3;45;6;1,2;3,3;2,1;;2;157;0,1264;;0,0987;0,0126;;0,0186
158;565;VAN;RER;7;64;8;0,6;1,5;0,9;;2;158;0,0125;;0,0077;0,0015;;0,0061
159;426;RFE;JPK-87;4;48;8;0,3;0,6;0,3;;2;159;0,0005;;;;;0,0006
160;463;PJA;JPK-87;4;52;6;1,4;1,7;0,3;;2;160;0,0178;;0,0092;0,0021;;0,0053
161;190;RFE;MEV;2;21;8;0,3;1,7;1,4;;2;161;0,041;;0,0315;0,0044;;0,0145
162;319;GSH;MEB;2;36;7;1,5;3,8;2,3;;2;162;0,0341;;0,0229;0,0038;;0,0078
163;160;VVI;RHE;6;17;4;1,8;2,8;1;;3;163;0,0168;;0,0094;0,0024;;0,0081
164;685;VMY;MGK;9;77;2;0,5;2,6;2,1;;3;164;0,026;;0,018;0,0028;;0,009
165;551;VVI;JPK-132;7;62;1;2,2;3,6;1,4;;3;165;0,0551;;0,0363;0,0081;;0,0174
166;401;GSH;OMA;6;45;2;2,2;4,5;2,3;;3;166;0,0572;;0,039;0,0045;;0,0078
167;356;RAR;OMA;2;40;8;1,6;3;1,4;;3;167;0,0249;;0,0134;0,002;;0,0077
168;586;RFE;RER;8;66;3;0,5;1,3;0,8;;3;168;0,0365;;0,023;0,0035;;0,012
169;370;VMY;OMA;6;41;1;1;2,8;1,8;;3;169;0,0322;;0,0229;0,0049;;0,0124
170;73;VVI;STR;3;8;1;0,7;1,9;1,2;;3;170;0,0347;;0,0211;0,0043;;0,0064
171;226;PJA;MEV;1;25;7;2;3,7;1,7;;3;171;0,0843;;0,0586;0,0117;;0,0212
172;181;CVU;MEV;3;20;4;0,5;2,3;1,8;;3;172;0,0225;;0,0205;0,0027;;0,0172
173;50;VMY;STR;10;5;7;1,8;2,7;0,9;;3;173;0,0623;;0,0432;0,0081;;0,0289
174;634;GSH;RER;5;72;2;2,1;6;3,9;;3;174;0,106;;0,0966;0,013;;0,035
175;482;VAN;JPK-132;2;55;1;0,5;3;2,5;;3;175;0,0242;;0,0157;0,0036;;0,0196
176;497;CVU;JPK-132;7;56;6;1,2;3,5;2,3;;3;176;0,0537;;0,034;0,0068;;0,0164
177;258;CVU;MEB;2;29;2;0,4;0,9;0,5;;3;177;0,0018;0,0018;0;;;0,0005
178;18;CVU;STR;8;2;6;0,6;3,1;2,5;;3;178;0,0957;;0,0695;0,0145;;0,022
179;8;VAN;STR;8;1;3;0,5;4;3,5;;3;179;0,0161;;0,0122;0,003;;0,0116
180;532;KLA;JPK-132;2;60;6;0,3;1,7;1,4;;3;180;0,0169;;0,0119;0,002;;0,0089
181;629;VVI;RER;7;71;4;1,7;1,9;0,2;;3;181;0,0276;;0,011;0,0028;;0,007
182;518;RAR;JPK-132;8;58;8;1;4,3;3,3;;3;182;0,0716;;0,0474;0,0072;;0,0422
183;646;VAN;MGK;10;73;7;0,6;3,8;3,2;;3;183;0,0219;;0,015;0,0032;;0,009
184;331;VAN;OMA;7;37;3;0,6;3,2;2,6;;3;184;0,0187;;0,0124;0,003;;0,0122
185;290;VMY;MEB;4;32;5;1,9;3,2;1,3;;3;185;0,0377;;0,0318;0,0065;;0,0139
186;706;VVI;MGK;6;80;7;1,5;3,7;2,2;;3;186;0,0406;;0,0263;0,0058;;0,0169
187;130;RAR;RHE;10;13;2;0,6;2,2;1,6;;3;187;0,0216;;0,0093;0,0014;;0,0093
188;544;PJA;JPK-132;7;61;2;1,1;3,9;2,8;;3;188;0,0406;;0,0251;0,005;;0,0229
189;31;RAR;STR;1;4;1;1,2;1,5;0,3;;3;189;0,0051;;0,0021;;;0,0021
190;376;KLA;OMA;2;42;2;0,4;0,7;0,3;;3;190;0,0018;0,0018;0;;;0,0024
191;341;CVU;OMA;7;38;3;1,3;1,4;0,1;?;3;191;0,0034;0,0034;0;;;0,0018
192;446;VMY;JPK-87;4;50;5;1,1;1,2;0,1;;3;192;0,0137;;0,0111;0,002;;0,0053
193;552;GSH;JPK-132;1;63;3;0,7;4,4;3,7;;3;193;0,0642;;0,0459;0,0058;;0,0092
194;573;CVU;RER;5;65;7;0,7;4,5;3,8;;3;194;0,1328;;0,1053;0,0183;;0,0375
195;471;VVI;JPK-87;5;53;3;3,8;4;0,2;;3;195;0,0455;;0,0299;0,0063;;0,0138
196;411;VAN;JPK-87;9;46;3;0,6;1,2;0,6;;3;196;0,0048;;0,003;;;0,0012
197;501;RFE;JPK-132;1;57;4;0,6;1,5;0,9;;3;197;0,0188;;0,0138;0,0023;;0,0062
198;654;CVU;MGK;8;74;4;0,5;1,1;0,6;;3;198;0,0186;;0,0136;0,0021;;0,0058
199;171;VAN;MEV;3;19;8;0,6;2;1,4;;3;199;0,0081;;0,005;0,0008;;0,0045
200;250;VAN;MEB;4;28;5;0,6;1,4;0,8;;3;200;0,007;;0,005;0,0015;;0,0028
201;437;RAR;JPK-87;5;49;3;1,4;1,6;0,2;;3;201;0,0103;;0,007;0,0011;;0,0053
202;110;CVU;RHE;10;11;8;0,4;4,3;3,9;;3;202;0,1167;;0,1005;0,0158;;0,0255
203;427;RFE;JPK-87;5;48;2;0,4;0,6;0,2;;3;203;0,0576;;;;;0,0008
204;215;VMY;MEV;7;23;5;1,5;2;0,5;;3;204;0,0526;;0,0378;0,0076;;0,0316
205;618;PJA;RER;3;70;4;1,4;2,4;1;;3;205;0,0762;;0,0403;0,0072;;0,01
206;456;KLA;JPK-87;4;51;7;0,3;0,4;0,1;;3;206;0,0016;0,0016;0;;;0,0007
207;674;RAR;MGK;8;76;8;1;2,1;1,1;;3;207;0,0255;;0,0162;0,0022;;0,0088
208;382;PJA;OMA;1;43;3;0,5;1,5;1;;3;208;0,106;;0,0054;0,0012;;0,0061
209;120;RFE;RHE;10;12;1;0,1;0,8;0,7;;3;209;0,0103;;0,0067;0,0008;;0,0048
210;22;RFE;STR;2;3;6;0,5;0,5;0;;3;210;0,0041;;0,0025;;;0,0016
211;233;VVI;MEV;1;26;7;1,1;3;1,9;;3;211;0,0406;;0,0297;0,0058;;0,0156
212;167;GSH;RHE;6;18;2;0,6;3,1;2,5;;3;212;0,0475;;0,0322;0,0041;;0,0094
213;134;VMY;RHE;4;14;6;1,1;1,1;0;;3;213;0,0103;;0,0071;0,0015;;0,0063
214;420;CVU;JPK-87;8;47;8;0,7;1,2;0,5;;3;214;0,006;;0,0035;0,0006;;0,0022
215;695;PJA;MGK;2;79;2;1,2;1,3;0,1;?;3;215;0,0007;0,0007;0;;;0,008
216;146;KLA;RHE;6;15;3;0,4;1,2;0,8;;3;216;0,0075;;0,0047;0,0006;;0,0056
217;220;KLA;MEV;2;24;1;0,1;0,8;0,7;;3;217;0,0047;0,0047;0;;;0,0028
218;566;VAN;RER;8;64;5;0,8;2,4;1,6;;3;218;0,013;;0,0108;0,0022;;0,0071
219;269;RFE;MEB;3;30;1;0,2;1,6;1,4;;3;219;0,0308;;0,02;0,0035;;0,0081
220;154;PJA;RHE;7;16;5;1,2;1,9;0,7;;3;220;0,0073;;0,0023;;;0,0019
221;64;PJA;STR;4;7;8;1,7;2,2;0,5;;3;221;0,0139;;0,0067;0,0016;;0,0041
222;242;GSH;MEV;3;27;3;2,2;5,3;3,1;;3;222;0,1015;;0,0728;0,0115;;0,0217
223;711;GSH;MGK;4;81;2;1;2,3;1,3;;3;223;0,0321;;0,0221;0,0027;;0,005
224;475;GSH;JPK-87;2;54;5;3,9;5;1,1;;3;224;0,0965;;0,073;0,011;;0,0124
225;88;GSH;STR;8;9;4;1,5;2,9;1,4;;3;225;0,0312;;0,0195;0,0025;;0,0051
226;666;RFE;MGK;10;75;3;0,4;0,8;0,4;;3;226;0,0059;;0,0046;0,0013;;0,003
227;608;VMY;RER;10;68;5;0,9;1,5;0,6;;3;227;0,0045;;0,0033;0,0005;;0,0014
228;57;KLA;STR;7;6;1;0,3;0,4;0,1;;3;228;0,0006;0,0006;0;;;0,0014
229;310;PJA;MEB;7;34;3;1;2,6;1,6;;3;229;0,0421;;0,0331;0,0059;;0,0097
230;351;RFE;OMA;7;39;4;0,1;1;0,9;;3;230;0,0036;;0,0024;;;0,0031
231;312;VVI;MEB;2;35;5;1,1;3,3;2,2;;3;231;0,0631;;0,0535;0,0123;;0,0165
232;99;VAN;RHE;9;10;6;1,1;3,9;2,8;;3;232;0,0331;;0,026;0,0057;;0,0196
233;466;PJA;JPK-87;7;52;4;1,2;1,8;0,6;;3;233;0,0149;;0,0106;0,0022;;0,008
234;206;RAR;MEV;8;22;6;0,6;2,4;1,8;;3;234;0,1065;;0,0726;0,0116;;0,021
235;281;RAR;MEB;5;31;8;0,7;1,3;0,6;;3;235;0,0081;;0,0052;;;0,0031
236;614;KLA;RER;6;69;2;0,6;1,4;0,8;;3;236;0,0124;;0,0099;0,0017;;0,0076
237;321;GSH;MEB;4;36;1;2,3;4,1;1,8;;3;237;0,0658;;0,0525;0,0061;;0,0114
238;195;RFE;MEV;7;21;6;0,6;0,8;0,2;;3;238;0,0064;;0,0041;0,0007;;0,0034
239;299;KLA;MEB;3;33;3;0,3;0,7;0,4;;3;239;0,0072;;0,0035;0,0008;;0,0018
240;594;RAR;RER;6;67;6;1,6;2,1;0,5;;3;240;0,0147;;0,0091;0,001;;0,0069
241;393;VVI;OMA;5;44;6;2,7;3,9;1,2;;3;241;0,031;;0,0212;0,0061;;0,0152
242;528;VMY;JPK-132;8;59;7;1,4;4,8;3,4;;3;242;0,1593;;0,1335;0,0301;;0,0735
243;689;KLA;MGK;3;78;7;0,4;0,4;0;;3;243;0,0006;0,0006;0;;;0,0005
244;294;VMY;MEB;8;32;2;1,6;3,5;1,9;;4;;0,0731;;0;;0,0175;0,0223
245;364;RAR;OMA;10;40;2;0,7;2;1,3;;4;;0,0204;;0;;0,0032;0,0083
246;525;VMY;JPK-132;5;59;5;1;4;3;;4;;0,1031;;0;;0,0189;0,0358
247;313;VVI;MEB;3;35;4;1;1,4;0,4;;4;;0,004;;0;;0,0008;0,0017
248;101;CVU;RHE;1;11;7;0,8;1;0,2;;4;;0,0022;0,0022;0;;;0,0021
249;13;CVU;STR;3;2;8;1;1;0;;4;;0,002;;0;;;0,0011
250;621;PJA;RER;6;70;7;2;2,6;0,6;;4;;0,0396;;0;;0,0081;0,015
251;147;KLA;RHE;7;15;1;0,2;0,4;0,2;;4;;;;;;;0,0012
252;487;VAN;JPK-132;7;55;6;0,6;3,1;2,5;;4;;0,0559;;0;;0,0148;0,0174
253;479;GSH;JPK-87;6;54;2;0,6;2,5;1,9;;4;;0,018;;0;;0,0021;0,0029
254;372;VMY;OMA;8;41;6;2;3;1;;4;;0,0256;;0;;0,0055;0,0108
255;542;PJA;JPK-132;5;61;3;0,8;2,7;1,9;;4;;0,0343;;0;;0,006;0,0144
256;531;KLA;JPK-132;1;60;3;0,3;1,5;1,2;;4;;0,0188;;0;;0,0031;0,0065
257;577;CVU;RER;9;65;6;0,5;3,7;3,2;;4;;0,1563;;0;;0,0255;0,0354
258;659;RFE;MGK;3;75;5;0,2;0,8;0,6;;4;;0,0087;;0;;0,0015;0,003
259;82;GSH;STR;2;9;7;0,8;4,5;3,7;;4;;0,0814;;0;;0,0103;0,0175
260;438;RAR;JPK-87;6;49;5;1,2;1,3;0,1;;4;;0,0043;;0;;0,0005;0,0039
261;46;VMY;STR;6;5;4;2;2,4;0,4;;4;;0,0379;;0;;0,0068;0,0095
262;244;GSH;MEV;5;27;7;0,8;4,1;3,3;;4;;0,0562;;0;;0,0068;0,0103
263;381;KLA;OMA;7;42;6;0,5;1,1;0,6;;4;;0,0054;;0;;0,0008;0,0038
264;264;CVU;MEB;8;29;7;0,9;2,9;2;;4;;0,047;;0;;0,0077;0,0113
265;579;RFE;RER;1;66;2;0,5;0,6;0,1;;4;;0,0018;;0;;;0,0018
266;333;VAN;OMA;9;37;6;0,8;1,5;0,7;;4;;0,0074;;0,0049;0,0011;;0,0045
267;285;RAR;MEB;9;31;3;1,2;1,4;0,2;;4;;0,0213;;0;;0,0044;0,0062
268;470;VVI;JPK-87;4;53;7;0,9;1,3;0,4;;4;;0,0036;;0;;0,001;0,0015
269;136;VMY;RHE;6;14;8;1,2;2,2;1;;4;;0,0119;;0;;0,0027;0,0061
270;230;PJA;MEV;5;25;4;1;1;0;;4;;0,0349;;0;;0,0051;0,005
271;192;RFE;MEV;4;21;7;0,2;0,9;0,7;;4;;0,0027;;0,0012;;;0,0036
272;216;VMY;MEV;8;23;6;1,6;4;2,4;;4;;0,0854;;0;;0,0184;0,0212
273;52;KLA;STR;2;6;5;0,6;0,8;0,2;roots outside;4;;0,0021;0,0021;0;;;0,0009
274;428;RFE;JPK-87;6;48;5;0,9;0,4;-0,5;;4;;0,0007;0,0007;0;;;0,0004
275;495;CVU;JPK-132;5;56;8;1,1;3,2;2,1;;4;;0,0647;;0;;0,0082;0,0132
276;553;GSH;JPK-132;2;63;4;1,2;5,6;4,4;;4;;0,106;;0;;0,0116;0,0228
277;627;VVI;RER;5;71;5;1,5;2,9;1,4;;4;;0,0191;;0;;0,0047;0,0108
278;156;VVI;RHE;2;17;3;0,6;1,7;1,1;;4;;0,0039;;0;;0,0009;0,0018
279;301;KLA;MEB;5;33;6;0,6;0,7;0,1;;4;;0,0033;;0;;0,0013;0,0011
280;705;VVI;MGK;5;80;3;2,2;3,3;1,1;;4;;0,0146;;0;;0,0066;0,0064
281;176;VAN;MEV;8;19;5;0,7;1,2;0,5;;4;;0,0153;;0;;0,003;0,0077
282;404;VAN;JPK-87;2;46;5;0,5;0,6;0,1;;4;;0,0031;;0;;0,001;0,0009
283;186;CVU;MEV;8;20;4;0,3;1,5;1,2;;4;;0,0315;;0;;0,0045;0,012
284;464;PJA;JPK-87;5;52;3;1;1,7;0,7;;4;;0,0165;;0;;0,0056;0,0054
285;652;CVU;MGK;6;74;3;0,5;2,9;2,4;;4;;0,0232;;0;;0,0032;0,0098
286;504;RFE;JPK-132;4;57;2;0,4;1,3;0,9;?;4;;0,0088;;0;;0,0014;0,0064
287;451;VMY;JPK-87;9;50;2;1,3;2,5;1,2;;4;;0,0262;;0;;0,0047;0,0171
288;548;VVI;JPK-132;4;62;2;2;3,2;1,2;;4;;0,0531;;0;;0,0112;0,0184
289;402;GSH;OMA;7;45;1;3,4;5,4;2;;4;;0,0827;;0;;0,0129;0,0132
290;7;VAN;STR;7;1;6;1,3;1,1;-0,2;;4;;0,0044;;0;;0,0009;0,0004
291;601;VMY;RER;3;68;8;0,7;2,6;1,9;;4;;0,0141;;0;;0,0031;0,0068
292;694;PJA;MGK;1;79;3;1,4;2,1;0,7;;4;;0,0444;;0;;0,008;0,0084
293;225;KLA;MEV;7;24;3;0,5;1,1;0,6;;4;;0,0068;;0;;0,0014;0,0033
294;40;RAR;STR;10;4;5;0,5;1;0,5;;4;;0,0085;;0;;0,0017;0,0042
295;350;RFE;OMA;6;39;5;0,4;0,6;0,2;;4;;0,0051;;0;;0,0009;0,0028
296;560;VAN;RER;2;64;2;0,3;2,3;2;;4;;0,0005;;0;;;0,0025
297;454;KLA;JPK-87;2;51;5;0,5;0,8;0,3;;4;;0,004;;0;;0,0009;0,0007
298;681;VMY;MGK;5;77;1;2,5;2,7;0,2;;4;;0,049;;0;;0,0086;0,0095
299;339;CVU;OMA;5;38;6;0,6;0,6;0;;4;;0,0013;;0;;0,0006;0,0007
300;714;GSH;MGK;7;81;4;0,7;3,3;2,6;;4;;0,0477;;0;;0,0059;0,0076
301;645;VAN;MGK;9;73;3;0,7;1,3;0,6;;4;;0,0055;;0;;0,0013;0,0018
302;234;VVI;MEV;2;26;4;0,7;2,5;1,8;;4;;0,019;;0;;0,0036;0,0152
303;168;GSH;RHE;7;18;7;1,1;2,3;1,2;;4;;0,024;;0;;0,0067;0,0055
304;28;RFE;STR;8;3;4;0,6;0,4;-0,2;;4;;0,0005;;0;;;
305;418;CVU;JPK-87;6;47;1;0,6;1;0,4;;4;;0,0056;;0;;0,0009;0,0007
306;394;VVI;OMA;6;44;5;3,6;4;0,4;;4;;0,0334;;0;;0,0083;0,0165
307;91;VAN;RHE;1;10;2;0,6;0,7;0,1;;4;;0,0035;;0;;0,0007;0,0013
308;123;RAR;RHE;3;13;1;0,3;0,8;0,5;;4;;0,0041;;0;;0,0007;0,0039
309;117;RFE;RHE;7;12;7;0,3;0,6;0,3;;4;;0,001;;0;;;0,0012
310;670;RAR;MGK;4;76;4;1,1;2,7;1,6;;4;;0,0732;;0;;0,0111;0,025
311;276;RFE;MEB;10;30;8;0,1;2,1;2;;4;;0,0687;;0,0665;0,0117;;0,0256
312;251;VAN;MEB;5;28;4;0,7;0,7;0;;4;;0,003;;0;;0,0009;0,0008
313;201;RAR;MEV;3;22;3;1,3;3,6;2,3;;4;;0,0733;;0;;0,0087;0,031
314;63;PJA;STR;3;7;5;1,6;2;0,4;;4;;0,0248;;0;;0,0046;0,0063
315;385;PJA;OMA;4;43;1;1,3;2;0,7;;4;;0,0246;;0;;0,005;0,0066
316;517;RAR;JPK-132;7;58;4;1,1;3,5;2,4;;4;;0,1495;;0;;0,0193;0,034
317;305;PJA;MEB;2;34;7;1,8;4,6;2,8;;4;;0,1396;;0;;0,0211;0,0417
318;590;RAR;RER;2;67;4;0,7;2,5;1,8;;4;;0,0833;;0;;0,0112;0,0206
319;150;PJA;RHE;3;16;4;1,3;2,1;0,8;;4;;0,0208;;0;;0,0032;0,0083
320;615;KLA;RER;7;69;3;0,4;1,4;1;;4;;0,0193;;0;;0,0035;0,0042
321;322;GSH;MEB;5;36;2;1,5;4,2;2,7;;4;;0,0774;;0;;0,0097;0,0114
322;636;GSH;RER;7;72;1;1,4;5,8;4,4;;4;;0,0974;;0;;0,0122;0,0153
323;77;VVI;STR;7;8;8;1,1;2,3;1,2;;4;;0,0134;;0;;0,0026;0,0045
324;559;VAN;RER;1;64;3;0,6;1,7;1,1;;5;;0,0163;;0;;0,0035;0,0044
325;121;RAR;RHE;1;13;4;0,4;1,1;0,7;;5;;0,0133;;0;;0,0023;0,0034
326;358;RAR;OMA;4;40;7;1,1;2,1;1;;5;;0,0347;;0;;0,0055;0,0106
327;39;RAR;STR;9;4;3;NA;0,4;0,4;*;5;;0,0005;;0;;;0,0023
328;633;GSH;RER;4;72;4;1,2;2,7;1,5;;5;;0,0398;;0;;0,0049;0,0066
329;458;KLA;JPK-87;6;51;1;0,4;0,4;0;;5;;0,0024;;0;;0,0008;0,0006
330;434;RAR;JPK-87;2;49;1;1;1,1;0,1;;5;;0,0096;;0;;0,0012;0,0038
331;204;RAR;MEV;6;22;5;1,3;4,3;3;;5;;0,1299;;0;;0,0197;0,0432
332;239;VVI;MEV;7;26;2;2,7;4,2;1,5;;5;;0,039;;0;;0,0106;0,0206
333;369;VMY;OMA;5;41;7;2;3,4;1,4;;5;;0,0641;;0;;0,0139;0,0331
334;653;CVU;MGK;7;74;1;0,7;2;1,3;;5;;0,0108;;0;;0,0028;0,0063
335;140;VMY;RHE;10;14;1;1,9;3,7;1,8;;5;;0,0442;;0;;0,0091;0,0188
336;53;KLA;STR;3;6;2;0,1;1,1;1;?;5;;0,0006;;0;;;0,0021
337;488;VAN;JPK-132;8;55;2;0,6;4,4;3,8;;5;;0,0462;;0;;0,0096;0,0266
338;75;VVI;STR;5;8;4;1,1;1,9;0,8;;5;;0,0044;;0;;0,0038;0,0027
339;191;RFE;MEV;3;21;4;0,3;0,6;0,3;;5;;;;;;;0,0008
340;223;KLA;MEV;5;24;4;0,3;0,6;0,3;;5;;0,0034;;0;;0,0012;0,0033
341;24;RFE;STR;4;3;2;0,4;0,5;0,1;;5;;0,0008;0,0008;0;;;0,0004
342;624;VVI;RER;2;71;2;1,1;2;0,9;;5;;0,0037;;0;;0,0008;0,0022
343;344;CVU;OMA;10;38;1;0,6;0,6;0;;5;;0,0037;;0;;0,0014;0,0008
344;613;KLA;RER;5;69;1;0,6;1,6;1;;5;;0,0113;;0;;0,0029;0,0048
345;241;GSH;MEV;2;27;4;1,9;6,1;4,2;;5;;0,129;;0;;0,0165;0,0218
346;704;VVI;MGK;4;80;2;3,1;4,4;1,3;;5;;0,0299;;0;;0,004;0,0135
347;175;VAN;MEV;7;19;3;0,6;2;1,4;;5;;0,0123;;0;;0,0034;0,0034
348;555;GSH;JPK-132;4;63;6;0,7;3,2;2,5;;5;;0,029;;0;;0,003;0,0058
349;266;CVU;MEB;10;29;8;0,6;1,2;0,6;;5;;0,0052;;0;;0,0036;0,0025
350;42;VMY;STR;2;5;1;1;2,5;1,5;;5;;0,0283;;0;;0,0039;0,0106
351;407;VAN;JPK-87;5;46;2;0,4;0,7;0,3;;5;;0,0055;;0;;0,0012;0,0019
352;229;PJA;MEV;4;25;3;0,7;1,6;0,9;;5;;0,0215;;0;;0,0045;0,0062
353;278;RAR;MEB;2;31;7;0,6;1;0,4;;5;;0,0086;;0;;0,0013;0,003
354;527;VMY;JPK-132;7;59;5;1,1;3,7;2,6;;5;;0,0631;;0;;0,0107;0,0343
355;334;VAN;OMA;10;37;7;0,7;2,5;1,8;;5;;0,0172;;0;;0,0043;0,0072
356;179;CVU;MEV;1;20;2;1;3;2;;5;;0,054;;0;;0,0042;0,0209
357;448;VMY;JPK-87;6;50;4;1;2,1;1,1;;5;;0,017;;0;;0,0036;0,0061
358;507;RFE;JPK-132;7;57;2;0,3;2;1,7;;5;;0,0258;;0;;0,0051;0,0065
359;589;RAR;RER;1;67;1;0,8;1,3;0,5;;5;;0,0164;;0;;0,0056;0,0074
360;545;VVI;JPK-132;1;62;5;2,7;4;1,3;;5;;0,1735;;0;;0,0189;0,0251
361;712;GSH;MGK;5;81;3;1,6;4,6;3;;5;;0,0304;;0;;0,0047;0,0094
362;476;GSH;JPK-87;3;54;6;2,5;3,9;1,4;;5;;0,0426;;0;;0,0044;0,0081
363;96;VAN;RHE;6;10;2;0,9;3,8;2,9;;5;;0,0181;;0;;0,0043;0,0058
364;400;GSH;OMA;5;45;4;1,2;4,3;3,1;;5;;0,0904;;0;;0,0156;0,0114
365;603;VMY;RER;5;68;2;0,8;2,5;1,7;;5;;0,046;;0;;0,0092;0,0144
366;698;PJA;MGK;5;79;5;0,6;1,5;0,9;;5;;0,0302;;0;;0,006;0,0083
367;491;CVU;JPK-132;1;56;3;0,5;1,5;1;;5;;0,0082;;0;;0,002;0,0035
368;162;GSH;RHE;1;18;3;0,5;5,4;4,9;;5;;0,0464;;0;;0,0077;0,0145
369;571;CVU;RER;3;65;3;0,2;2,7;2,5;;5;;0,0171;;0;;0,0028;0,0082
370;622;PJA;RER;7;70;2;0,8;3,1;2,3;;5;;0,0174;;0;;0,0037;0,0083
371;213;VMY;MEV;5;23;1;1,4;3,3;1,9;;5;;0,0377;;0;;0,0059;0,0142
372;671;RAR;MGK;5;76;3;1;4;3;;5;;0,0953;;0;;0,0159;0,0295
373;144;KLA;RHE;4;15;2;0,5;1,5;1;;5;;0,0045;;0;;0,001;0,002
374;383;PJA;OMA;2;43;5;1;2;1;;5;;0,0156;;0;;0,0026;0,0076
375;424;RFE;JPK-87;2;48;6;0,4;0,3;-0,1;;5;;;;;;;0,0005
376;469;VVI;JPK-87;3;53;4;1;1,5;0,5;;5;;0,0055;;0;;0,0017;0,0018
377;642;VAN;MGK;6;73;2;0,5;6,1;5,6;;5;;0,1668;;0;;0,036;0,0546
378;6;VAN;STR;6;1;6;0,7;1,1;0,4;;5;;0,0038;;0;;0,0015;0,0013
379;158;VVI;RHE;4;17;5;0,8;2;1,2;;5;;0,0131;;0;;0,0033;0,0053
380;661;RFE;MGK;5;75;6;0,2;0,3;0,1;;5;;0,0006;;0;;;0,0004
381;348;RFE;OMA;4;39;6;0,4;0,7;0,3;?;5;;0,0043;;0;;0,0008;0,005
382;541;PJA;JPK-132;4;61;5;0,4;2;1,6;;5;;0,0485;;0;;0,0098;0,0133
383;113;RFE;RHE;3;12;8;0,1;0,6;0,5;;5;;0,0051;;0;;0,0006;0,0019
384;85;GSH;STR;5;9;5;1,1;2,9;1,8;;5;;0,0588;;0;;0,0077;0,0123
385;379;KLA;OMA;5;42;7;0,8;1,6;0,8;;5;;0,0175;;0;;0,0031;0,0036
386;581;RFE;RER;3;66;8;0,5;0,5;0;;5;;0,0033;;0;;0,0016;0,0057
387;413;CVU;JPK-87;1;47;7;0,4;1,6;1,2;;5;;0,0131;;0;;0,0019;0,0036
388;465;PJA;JPK-87;6;52;1;2;2,1;0,1;;5;;0,018;;0;;0,0079;0,0058
389;308;PJA;MEB;5;34;2;1,1;2,6;1,5;;5;;0,0219;;0;;0,0039;0,0098
390;520;RAR;JPK-132;10;58;6;1,5;2;0,5;;5;;0,0012;;0;;;0,004
391;395;VVI;OMA;7;44;2;1;2,3;1,3;;5;;0,0068;;0;;0,0016;0,0041
392;149;PJA;RHE;2;16;2;1,5;2,2;0,7;;5;;0,0157;;0;;0,0031;0,0085
393;267;RFE;MEB;1;30;8;0,2;0,8;0,6;;5;;0,0088;;0;;0,0014;0,0068
394;252;VAN;MEB;6;28;7;0,6;1,5;0,9;;5;;0,0046;;0;;0,0009;0,0035
395;17;CVU;STR;7;2;2;1,1;1,9;0,8;;5;;0,0043;;0;;0,0008;0,0037
396;679;VMY;MGK;3;77;3;0,6;3,2;2,6;;5;;0,0276;;0;;0,0056;0,0145
397;311;VVI;MEB;1;35;3;1,3;3;1,7;;5;;0,0116;;0;;0,0025;0,0089
398;107;CVU;RHE;7;11;4;0,5;0,4;-0,1;;5;;0,0016;;0;;;0,0007
399;323;GSH;MEB;6;36;6;3;6,8;3,8;;5;;0,086;;0;;0,0134;0,0205
400;62;PJA;STR;2;7;1;1,6;2;0,4;;5;;0,0336;;0;;0,0044;0,0065
401;289;VMY;MEB;3;32;7;1,8;2,9;1,1;;5;;0,0168;;0;;0,0035;0,0053
402;484;VAN;JPK-132;4;55;4;0,4;3,5;3,1;;6;;0,0303;;0;;0,0065;0,0138
403;23;RFE;STR;3;3;4;0,4;0,7;0,3;;6;;0,0017;;0;;;0,0011
404;686;VMY;MGK;10;77;5;0,8;2,5;1,7;;6;;0,0225;;0;;0,0044;0,0084
405;205;RAR;MEV;7;22;8;1,5;3,2;1,7;;6;;0,0868;;0;;0,0111;0,0282
406;598;RAR;RER;10;67;8;0,5;0,7;0,2;;6;;0,0033;;0;;0,0008;0,0025
407;296;VMY;MEB;10;32;1;1,3;3,4;2,1;;6;;0,1044;;0;;0,021;0,0194
408;217;VMY;MEV;9;23;1;1,6;4;2,4;;6;;0,1256;;0;;0,0273;0,0339
409;119;RFE;RHE;9;12;6;0,5;0,5;0;;6;;0,0008;;0;;;0,0011
410;256;VAN;MEB;10;28;5;1,1;1,5;0,4;;6;;0,0109;;0;;0,0025;0,0017
411;74;VVI;STR;4;8;7;1,1;2,2;1,1;;6;;0,0074;;0;;0,0015;0,0071
412;650;CVU;MGK;4;74;5;0,2;1,6;1,4;;6;;0,0123;;0;;0,0018;0,004
413;127;RAR;RHE;7;13;8;0,5;0,7;0,2;;6;;0,0082;;0;;0,0017;0,0051
414;493;CVU;JPK-132;3;56;5;0,7;1,9;1,2;;6;;0,006;;0;;0,0006;0,0027
415;502;RFE;JPK-132;2;57;6;0,6;0,8;0,2;;6;;0,0118;;0;;0,0022;0,0056
416;164;GSH;RHE;3;18;5;0,9;1,9;1;;6;;0,0284;;0;;0,0038;0,0036
417;392;VVI;OMA;4;44;4;2,8;3,6;0,8;;6;;0,0163;;0;;0,005;0,009
418;14;CVU;STR;4;2;1;0,5;0,6;0,1;;6;;0,0011;;0;;;0,0007
419;384;PJA;OMA;3;43;6;1,2;2,5;1,3;;6;;0,0182;;0;;0,0039;0,0093
420;710;GSH;MGK;3;81;7;1,5;3,1;1,6;;6;;0,047;;0;;0,0071;0,0076
421;643;VAN;MGK;7;73;8;0,3;1,1;0,8;;6;;0,0044;;0;;0,001;0,0036
422;94;VAN;RHE;4;10;3;0,7;1,8;1,1;;6;;0,0083;;0;;0,0017;0,0016
423;406;VAN;JPK-87;4;46;2;0,7;1,1;0,4;;6;;0,0035;;0;;0,0014;0,001
424;616;PJA;RER;1;70;1;1,6;3;1,4;;6;;0,0371;;0;;0,0089;0,0131
425;56;KLA;STR;6;6;5;0,3;0,3;0;;6;;0,0008;;0;;;0,0004
426;625;VVI;RER;3;71;3;1;3;2;;6;;0,0052;;0;;0,0016;0,0047
427;669;RAR;MGK;3;76;3;0,7;2;1,3;;6;;0,0465;;0;;0,0078;0,0171
428;600;VMY;RER;2;68;3;1;2,1;1,1;;6;;0,0118;;0;;0,0027;0,0081
429;272;RFE;MEB;6;30;6;0,3;1,6;1,3;;6;;0,0665;;0;;0,0127;0,0143
430;397;GSH;OMA;2;45;5;2,5;4,5;2;;6;;0,076;;0;;0,0128;0,0095
431;414;CVU;JPK-87;2;47;6;0,7;1;0,3;;6;;0,002;;0;;;0,0014
432;315;VVI;MEB;5;35;6;1,7;3,2;1,5;;6;;0,0445;;0;;0,0098;0,0197
433;474;GSH;JPK-87;1;54;4;0,8;3;2,2;;6;;0,0344;;0;;0,0044;0,0077
434;529;VMY;JPK-132;9;59;8;1,4;4,7;3,3;;6;;0,1044;;0;;0,0192;0,0331
435;697;PJA;MGK;4;79;6;1,6;2;0,4;;6;;0,0225;;0;;0,0047;0,0077
436;468;VVI;JPK-87;2;53;1;1;1;0;;6;;0,0021;;0;;;0,0014
437;707;VVI;MGK;7;80;5;3,9;3,8;-0,1;;6;;0,0416;;0;;0,0115;0,0145
438;36;RAR;STR;6;4;8;0,7;0,6;-0,1;;6;;0,0029;;0;;0,0008;0,0021
439;198;RFE;MEV;10;21;4;0,8;1,5;0,7;;6;;0,0186;;0;;0,0039;0,0072
440;562;VAN;RER;4;64;8;0,7;2,5;1,8;;6;;0,0106;;0;;0,0028;0,0068
441;221;KLA;MEV;3;24;6;0,6;1,8;1,2;;6;;0,0312;;0;;0,0044;0,0125
442;459;KLA;JPK-87;7;51;4;0,1;NA;-0,1;*;6;;0,0005;;0;;;
443;68;PJA;STR;8;7;4;1,1;1,4;0,3;;6;;0,0127;;0;;0,0018;0,003
444;243;GSH;MEV;4;27;6;1,5;5,1;3,6;;6;;0,0929;;0;;0,0132;0,0184
445;546;VVI;JPK-132;2;62;4;1,6;4,2;2,6;;6;;0,0468;;0;;0,0111;0,0195
446;324;GSH;MEB;7;36;4;0,6;3,6;3;;6;;0,0648;;0;;0,0063;0,0114
447;238;VVI;MEV;6;26;1;3,5;5,3;1,8;;6;;0,067;;0;;0,0182;0,0326
448;280;RAR;MEB;4;31;2;0,3;1,7;1,4;;6;;0,0072;;0;;0,0013;0,0049
449;371;VMY;OMA;7;41;8;0,9;1,4;0,5;;6;;0,0103;;0;;0,0026;0,0025
450;357;RAR;OMA;3;40;4;0,7;1;0,3;;6;;0,0176;;0;;0,0035;0,0058
451;43;VMY;STR;3;5;5;1,2;3;1,8;;6;;0,0767;;0;;0,0172;0,0271
452;187;CVU;MEV;9;20;1;0,6;1,5;0,9;;6;;0,0098;;0;;0,0017;0,0029
453;452;VMY;JPK-87;10;50;1;2;1,9;-0,1;;6;;0,0211;;0;;0,0043;0,0076
454;631;GSH;RER;2;72;5;0,9;2,5;1,6;;6;;0,0324;;0;;0,0052;0,0049
455;143;KLA;RHE;3;15;5;0,4;0,9;0,5;;6;;0,0166;;0;;0,0023;0,0055
456;538;PJA;JPK-132;1;61;4;1,6;2,5;0,9;;6;;0,0791;;0;;0,0116;0,0162
457;513;RAR;JPK-132;3;58;1;1,5;4,5;3;;6;;0,1865;;0;;0,0271;0,0525
458;587;RFE;RER;9;66;4;0,8;1,5;0,7;;6;;0,0129;;0;;0,0019;0,0069
459;325;VAN;OMA;1;37;2;0,4;6;5,6;;6;;0,0625;;0;;0,0124;0,0391
460;4;VAN;STR;4;1;4;0,7;1,1;0,4;;6;;0,0065;;0;;0,0011;0,0015
461;133;VMY;RHE;3;14;3;1,1;1,2;0,1;;6;;0,0029;;0;;0,0005;0,0025
462;554;GSH;JPK-132;3;63;7;1,3;4,4;3,1;;6;;0,116;;0;;0,0159;0,0125
463;349;RFE;OMA;5;39;3;0,5;2;1,5;;6;;0,0214;;0;;0,0036;0,0088
464;109;CVU;RHE;9;11;3;0,7;1;0,3;;6;;0,0014;;0;;;0,0011
465;309;PJA;MEB;6;34;1;1;2,8;1,8;;6;;0,0859;;0;;0,0161;0,0206
466;173;VAN;MEV;5;19;1;0,7;3;2,3;;6;;0,0424;;0;;0,0096;0,0141
467;152;PJA;RHE;5;16;6;0,7;1,4;0,7;;6;;0,0081;;0;;0,0026;0,0049
468;433;RAR;JPK-87;1;49;8;0,7;0,9;0,2;;6;;0,0053;;0;;0,0028;0,0018
469;87;GSH;STR;7;9;2;0,8;0,9;0,1;;6;;0,0043;;0;;0,0028;0,0008
470;232;PJA;MEV;7;25;6;1;2,6;1,6;;6;;0,0472;;0;;0,0092;0,0115
471;259;CVU;MEB;3;29;1;0,5;1,5;1;;6;;0,0045;;0;;0,0014;0,0021
472;663;RFE;MGK;7;75;7;0,5;0,5;0;;6;;0,0039;;0;;0,0021;0,0012
473;335;CVU;OMA;1;38;8;0,5;2,1;1,6;;6;;0,0099;;0;;0,0016;0,0046
474;576;CVU;RER;8;65;1;1,1;4,8;3,7;;6;;0,0912;;0;;0,0162;0,0315
475;155;VVI;RHE;1;17;2;1,3;3,9;2,6;;6;;0,015;;0;;0,004;0,0115
476;209;VMY;MEV;1;23;6;1,1;2,3;1,2;;7;;0,0377;;0;;0,0102;0,011
477;151;PJA;RHE;4;16;7;1;2,5;1,5;;7;;0,0201;;0;;0,0045;0,0082
478;617;PJA;RER;2;70;6;1;2,1;1,1;;7;;0,0484;;0;;0,0102;0,097
479;522;VMY;JPK-132;2;59;6;1,1;4,1;3;;7;;0,137;;0;;0,0266;0,0394
480;112;RFE;RHE;2;12;8;0,2;1;0,8;;7;;0,0059;;0;;0,0017;0,0054
481;228;PJA;MEV;3;25;5;0,6;1,9;1,3;;7;;0,0495;;0;;0,0095;0,0106
482;353;RFE;OMA;9;39;1;0,2;1,1;0,9;;7;;0,0037;;0;;0,0007;0,004
483;605;VMY;RER;7;68;7;0,6;2;1,4;;7;;0,0084;;0;;0,0028;0,0049
484;336;CVU;OMA;2;38;8;1,1;1,3;0,2;;7;;0,0009;;0;;;0,001
485;578;CVU;RER;10;65;8;0,7;1,7;1;;7;;0,0063;;0;;0,0014;0,0033
486;291;VMY;MEB;5;32;6;1,9;2,4;0,5;;7;;0,0395;;0;;0,0077;0,0105
487;635;GSH;RER;6;72;7;1,9;6,1;4,2;;7;;0,1674;;0;;0,0254;0,0344
488;84;GSH;STR;4;9;3;0,7;4,5;3,8;;7;;0,0557;;0;;0,0085;0,0107
489;49;VMY;STR;9;5;1;0,8;3;2,2;;7;;0,0248;;0;;0,0074;0,0086
490;257;CVU;MEB;1;29;3;NA;0,6;0,6;*;7;;0,0009;;0;;;0,0008
491;314;VVI;MEB;4;35;2;2,9;5,6;2,7;;7;;0,1636;;0;;0,0392;0,0642
492;547;VVI;JPK-132;3;62;6;2,1;3,1;1;;7;;0,0573;;0;;0,0093;0,0156
493;391;VVI;OMA;3;44;7;1,3;3,6;2,3;;7;;0,0174;;0;;0,0074;0,0106
494;626;VVI;RER;4;71;7;1,3;4,3;3;;7;;0,0399;;0;;0,0072;0,0163
495;417;CVU;JPK-87;5;47;3;0,5;0,5;0;?;7;;0,001;;0;;;0,0004
496;660;RFE;MGK;4;75;8;0,2;0,6;0,4;;7;;0,0006;;0;;;0,0012
497;246;GSH;MEV;7;27;2;0,7;2,5;1,8;;7;;0,04;;0;;0,005;0,0075
498;106;CVU;RHE;6;11;8;1,5;2,7;1,2;;7;;0,0104;;0;;0,0018;0,0031
499;638;VAN;MGK;2;73;6;0,5;1;0,5;;7;;0,0088;;0;;0,002;0,0019
500;126;RAR;RHE;6;13;1;0,4;1,5;1,1;;7;;0,0156;;0;;0,0029;0,0054
501;701;VVI;MGK;1;80;1;3,8;4,6;0,8;;7;;0,0222;;0;;0,0066;0,0184
502;508;RFE;JPK-132;8;57;8;0,3;0,7;0,4;;7;;0,0045;;0;;0,0009;0,0024
503;361;RAR;OMA;7;40;1;1,5;1,3;-0,2;;7;;0,0091;;0;;0,0018;0,0026
504;473;VVI;JPK-87;7;53;2;5,5;5,5;0;;7;;0,1407;;0;;0,0331;0,0237
505;142;KLA;RHE;2;15;6;0,1;0,4;0,3;?;7;;;;;;;0,0003
506;65;PJA;STR;5;7;3;1,8;3;1,2;;7;;0,0262;;0;;0,0046;0,0142
507;38;RAR;STR;8;4;4;1;1,5;0,5;;7;;0,0059;;0;;0,0008;0,0037
508;270;RFE;MEB;4;30;4;0,2;0,7;0,5;;7;;0,0131;;0;;0,0029;0,0058
509;409;VAN;JPK-87;7;46;4;0,6;1;0,4;;7;;0,0047;;0;;0,0008;0,0011
510;699;PJA;MGK;6;79;1;1;1,9;0,9;;7;;0,0164;;0;;0,0032;0,0084
511;182;CVU;MEV;4;20;5;0,8;2,1;1,3;;7;;0,0382;;0;;0,0062;0,0224
512;9;VAN;STR;9;1;1;1;1,6;0,6;;7;;0,0079;;0;;0,0016;0,0031
513;330;VAN;OMA;6;37;1;0,7;1,4;0,7;;7;;0,0043;;0;;0,0011;0,0016
514;177;VAN;MEV;9;19;4;0,6;2;1,4;;7;;0,0108;;0;;0,0023;0,0019
515;95;VAN;RHE;5;10;1;0,5;1,1;0,6;;7;;0,0106;;0;;0,0021;0,0031
516;207;RAR;MEV;9;22;7;1;3,8;2,8;;7;;0,061;;0;;0,0094;0,0325
517;249;VAN;MEB;3;28;2;1,2;2,4;1,2;;7;;0,0076;;0;;0,0021;0,0024
518;196;RFE;MEV;8;21;3;0,5;0,9;0,4;;7;;0,0106;;0;;0,0027;0,0024
519;20;CVU;STR;10;2;7;0,6;0,3;-0,3;;7;;0,0032;;0;;0,0006;0,0005
520;597;RAR;RER;9;67;6;0,7;1,4;0,7;;7;;0,0092;;0;;0,0016;0,0047
521;682;VMY;MGK;6;77;6;0,6;3,5;2,9;;7;;0,0388;;0;;0,0081;0,0158
522;283;RAR;MEB;7;31;4;0,8;1,1;0,3;;7;;0,0121;;0;;0,0013;0,0042
523;516;RAR;JPK-132;6;58;3;0,6;3,2;2,6;;7;;0,0711;;0;;0,0119;0,0213
524;649;CVU;MGK;3;74;3;0,5;2,5;2;;7;;0,02;;0;;0,0031;0,007
525;388;PJA;OMA;7;43;2;1,2;2,3;1,1;;7;;0,0153;;0;;0,0036;0,0057
526;441;RAR;JPK-87;9;49;8;1,2;1,1;-0,1;;7;;0,0097;;0;;0,002;0,0032
527;563;VAN;RER;5;64;3;0,8;2,9;2,1;;7;;0,0408;;0;;0,0095;0,0136
528;668;RAR;MGK;2;76;2;1,2;2,8;1,6;;7;;0,069;;0;;0,0127;0,024
529;157;VVI;RHE;3;17;6;1,1;1;-0,1;;7;;0,0036;;0;;0,0012;0,0145
530;489;VAN;JPK-132;9;55;4;1;3,2;2,2;;7;;0,0291;;0;;0,006;0,0012
531;366;VMY;OMA;2;41;3;1,4;2,8;1,4;;7;;0,045;;0;;0,0091;0,0118
532;236;VVI;MEV;4;26;5;0,7;2,9;2,2;;7;;0,0291;;0;;0,0073;0,0109
533;306;PJA;MEB;3;34;4;1,2;1,9;0,7;;7;;0,0182;;0;;0,0025;0,0049
534;539;PJA;JPK-132;2;61;7;1,2;2,9;1,7;;7;;0,049;;0;;0,0081;0,0121
535;72;VVI;STR;2;8;8;0,7;2,1;1,4;;7;;0,0064;;0;;0,0016;0,0028
536;138;VMY;RHE;8;14;3;1;2,3;1,3;;7;;0,0211;;0;;0,0044;0,0076
537;585;RFE;RER;7;66;1;0,2;1,4;1,2;;7;;0,0033;;0;;0,0012;0,0067
538;449;VMY;JPK-87;7;50;8;1,6;2;0,4;;7;;0,0252;;0;;0,0047;0,0084
539;396;GSH;OMA;1;45;3;0,7;3,4;2,7;;7;;0,0456;;0;;0,0052;0,0075
540;496;CVU;JPK-132;6;56;1;1,1;2,4;1,3;;7;;0,0284;;0;;0,004;0,008
541;211;VMY;MEV;3;23;7;1,5;3;1,5;;8;;0,0712;;0;;0,0143;0,0192
542;481;VAN;JPK-132;1;55;8;0,7;3;2,3;;8;;0,0244;;0;;0,006;0,0111
543;111;RFE;RHE;1;12;3;0,2;1,1;0,9;;8;;0,0059;;0;;0,0013;0,0028
544;503;RFE;JPK-132;3;57;7;0,8;2,3;1,5;;8;;0,046;;0;;0,0085;0,012
545;604;VMY;RER;6;68;2;0,8;1,5;0,7;;8;;0,019;;0;;0,0031;0,0076
546;248;VAN;MEB;2;28;8;0,9;3,4;2,5;;8;;0,0164;;0;;0,0041;0,0087
547;184;CVU;MEV;6;20;3;0,9;3,1;2,2;;8;;0,0438;;0;;0,0092;0,0175
548;362;RAR;OMA;8;40;8;1,2;2,7;1,5;;8;;0,014;;0;;0,0026;0,0075
549;260;CVU;MEB;4;29;1;0,2;0,2;0;?;8;;;;;;;
550;593;RAR;RER;5;67;2;2;2,5;0,5;;8;;0,0531;;0;;0,0081;0,0141
551;658;RFE;MGK;2;75;2;0,2;0,4;0,2;;8;;;;;;;0,0003
552;435;RAR;JPK-87;3;49;2;1,5;1,3;-0,2;;8;;0,0085;;0;;0,0017;0,0053
553;103;CVU;RHE;3;11;4;0,3;2,1;1,8;;8;;0,0167;;0;;0,0028;0,0086
554;41;VMY;STR;1;5;2;1,1;1,8;0,7;;8;;0,0236;;0;;0,0042;0,0071
555;367;VMY;OMA;3;41;2;1,1;3,9;2,8;;8;;0,0327;;0;;0,0074;0,0192
556;288;VMY;MEB;2;32;3;1,1;1,7;0,6;;8;;0,0111;;0;;0,0018;0,0038
557;79;VVI;STR;9;8;3;1,1;1,9;0,8;;8;;0,0073;;0;;0,0021;0,0033
558;582;RFE;RER;4;66;6;0,2;1;0,8;;8;;0,0296;;0;;0,0044;0,0075
559;32;RAR;STR;2;4;2;0,6;0,6;0;;8;;0,0047;;0;;0,0007;0,0006
560;630;GSH;RER;1;72;6;1,8;5,6;3,8;;8;;0,1008;;0;;0,0129;0,0202
561;3;VAN;STR;3;1;7;1;1;0;;8;;0,0069;;0;;0,0013;0,0021
562;673;RAR;MGK;7;76;8;0,4;1,5;1,1;;8;;0,0162;;0;;0,0027;0,0062
563;677;VMY;MGK;1;77;4;0,7;1,7;1;;8;;0,0139;;0;;0,0024;0,0049
564;194;RFE;MEV;6;21;8;0,4;0,9;0,5;;8;;0,0122;;0;;0,0021;0,0036
565;499;CVU;JPK-132;9;56;8;0,6;0,8;0,2;?;8;;0,0006;;0;;;0,0005
566;512;RAR;JPK-132;2;58;7;0,9;2,3;1,4;;8;;0,0368;;0;;0,0059;0,0161
567;275;RFE;MEB;9;30;2;0,4;0,8;0,4;;8;;0,0106;;0;;0,0019;0,0034
568;568;VAN;RER;10;64;4;0,6;2,7;2,1;;8;;0,0362;;0;;0,0076;0,0086
569;83;GSH;STR;3;9;8;1,2;3,1;1,9;;8;;0,034;;0;;0,0041;0,0058
570;343;CVU;OMA;9;38;5;0,5;0,9;0,4;;8;;0,0026;;0;;0,0004;0,0006
571;277;RAR;MEB;1;31;1;0,9;3;2,1;;8;;0,0648;;0;;0,0107;0,0179
572;326;VAN;OMA;2;37;8;0,4;1,2;0,8;;8;;0,0057;;0;;0,0009;0,0055
573;410;VAN;JPK-87;8;46;1;1;1,3;0,3;roots outside;8;;0,0017;;0;;;0,0005
574;170;VAN;MEV;2;19;7;0,9;1,9;1;;8;;0,0138;;0;;0,0031;0,0038
575;656;CVU;MGK;10;74;8;0,5;1,5;1;;8;;0,0102;;0;;0,0016;0,0044
576;523;VMY;JPK-132;3;59;1;1,7;3,8;2,1;;8;;0,0775;;0;;0,0153;0,027
577;202;RAR;MEV;4;22;2;0,8;2,6;1,8;;8;;0,069;;0;;0,0095;0,0158
578;354;RFE;OMA;10;39;2;0,5;1,1;0,6;;8;;0,0035;;0;;0,0004;0,0031
579;135;VMY;RHE;5;14;2;0,6;1,5;0,9;;8;;0,0077;;0;;0,0024;0,0039
580;70;PJA;STR;10;7;7;1,1;1,5;0,4;;8;;0,0056;;0;;0,0011;0,0029
581;641;VAN;MGK;5;73;1;1,1;2;0,9;;8;;0,0145;;0;;0,0029;0,005
582;19;CVU;STR;9;2;6;0,4;1;0,6;;8;;0,0073;;0;;0,0011;0,0039
583;422;CVU;JPK-87;10;47;4;0,9;1,1;0,2;?;8;;0,0008;;0;;;0,0006
584;93;VAN;RHE;3;10;8;0,4;1,6;1,2;;8;;0,007;;0;;0,002;0,0038
585;569;CVU;RER;1;65;2;1;2,4;1,4;;8;;0,0092;;0;;0,0021;0,0074
586;443;VMY;JPK-87;1;50;7;2,8;3,1;0,3;;8;;0,0702;;0;;0,0167;0,0119
587;667;RAR;MGK;1;76;1;0,8;2,7;1,9;;9;;0,0382;;0;;0,0065;0,0122
588;255;VAN;MEB;9;28;6;0,7;1,1;0,4;;9;;0,0077;;0;;0,0014;0,0041
589;208;RAR;MEV;10;22;4;1,2;3,6;2,4;;9;;0,0484;;0;;0,0082;0,0166
590;172;VAN;MEV;4;19;6;0,7;1,4;0,7;;9;;0,0096;;0;;0,0027;0,0032
591;100;VAN;RHE;10;10;5;0,8;2;1,2;;9;;0,0145;;0;;0,004;0,0054
592;61;PJA;STR;1;7;7;2;2,1;0,1;;9;;0,0161;;0;;0,0033;0,0061
593;530;VMY;JPK-132;10;59;8;1,1;3;1,9;;9;;0,0344;;0;;0,0071;0,0159
594;575;CVU;RER;7;65;4;0,4;1,7;1,3;;9;;0,0194;;0;;0,0042;0,0109
595;567;VAN;RER;9;64;7;0,8;2,6;1,8;;9;;0,0163;;0;;0,0051;0,0048
596;1;VAN;STR;1;1;5;0,7;0,8;0,1;;9;;0,0026;;0;;0,0006;0,001
597;509;RFE;JPK-132;9;57;6;0,3;1,6;1,3;;9;;0,0221;;0;;0,0047;0,0075
598;279;RAR;MEB;3;31;7;0,4;1,1;0,7;;9;;0,0134;;0;;0,0016;0,0107
599;374;VMY;OMA;10;41;2;1,6;3,1;1,5;;9;;0,0544;;0;;0,0115;0,02
600;262;CVU;MEB;6;29;6;0,7;0,7;0;;9;;0,0301;;0;;0,0052;0,0082
601;515;RAR;JPK-132;5;58;7;1,5;3;1,5;;9;;0,069;;0;;0,0121;0,0282
602;439;RAR;JPK-87;7;49;6;0,8;1,3;0,5;;9;;0,0074;;0;;0,0015;0,0022
603;45;VMY;STR;5;5;8;0,9;1,8;0,9;;9;;0,0093;;0;;0,0022;0,0066
604;16;CVU;STR;6;2;4;0,7;0,5;-0,2;?;9;;0,0006;;0;;;0,0004
605;421;CVU;JPK-87;9;47;8;0,3;0,6;0,3;;9;;0,0019;;0;;;0,001
606;444;VMY;JPK-87;2;50;8;0,9;2,1;1,2;;9;;0,0156;;0;;0,0032;0,0048
607;287;VMY;MEB;1;32;4;1,4;1,4;0;;9;;0,0141;;0;;0,003;0,0057
608;500;CVU;JPK-132;10;56;7;1,3;3,8;2,5;;9;;0,0899;;0;;0,0163;0,0217
609;359;RAR;OMA;5;40;3;1,2;2;0,8;;9;;0,0145;;0;;0,0024;0,0065
610;34;RAR;STR;4;4;6;1,2;1,3;0,1;;9;;0,013;;0;;0,0021;0,0098
611;71;VVI;STR;1;8;1;1,8;1,8;0;;9;;0,0138;;0;;0,0042;0,0048
612;210;VMY;MEV;2;23;8;1,4;2,5;1,1;;9;;0,032;;0;;0,0064;0,0164
613;104;CVU;RHE;4;11;2;0,6;1,9;1,3;;9;;0,0068;;0;;0,0013;0,003
614;606;VMY;RER;8;68;4;1,6;2,5;0,9;;9;;0,0317;;0;;0,0055;0,0147
615;655;CVU;MGK;9;74;7;0,9;2,1;1,2;;9;;0,0248;;0;;0,0052;0,005
616;183;CVU;MEV;5;20;6;1,1;4,8;3,7;;9;;0,1323;;0;;0,0346;0,0448
617;137;VMY;RHE;7;14;4;1,6;2,1;0,5;;9;;0,0179;;0;;0,0041;0,0066
618;644;VAN;MGK;8;73;4;0,4;1,7;1,3;;9;;0,0048;;0;;0,0009;0,0029
619;89;GSH;STR;9;9;3;0,6;1;0,4;;9;;0,008;;0;;0,0011;0,0015
620;684;VMY;MGK;8;77;7;0,7;2,5;1,8;;9;;0,0528;;0;;0,0124;0,0208
621;664;RFE;MGK;8;75;8;0,3;0,6;0,3;;9;;0,0042;;0;;0,0008;0,0019
622;352;RFE;OMA;8;39;7;0,6;0,7;0,1;;9;;0,0013;;0;;;0,001
623;340;CVU;OMA;6;38;7;0,7;0,9;0,2;;9;;0,0028;;0;;;0,0008
624;494;CVU;JPK-132;4;56;2;1;4;3;;10;;0,0427;;0;;0,0071;0,0207
625;419;CVU;JPK-87;7;47;2;0,6;1,5;0,9;;10;;0,002;;0;;0,0006;0,0018
626;90;GSH;STR;10;9;1;0,9;2,2;1,3;;10;;0,0094;;0;;0,0017;0,0028
627;180;CVU;MEV;2;20;7;0,8;4,5;3,7;;10;;0,0715;;0;;0,0151;0,0278
628;44;VMY;STR;4;5;8;1;2,8;1,8;;10;;0,0297;;0;;0,0065;0,0082
629;76;VVI;STR;6;8;6;1,2;1,4;0,2;;10;;0,0043;;0;;0,001;0,0022
630;174;VAN;MEV;6;19;2;0,7;2,1;1,4;;10;;0,0111;;0;;0,0032;0,0052
631;599;VMY;RER;1;68;7;0,7;2,2;1,5;;10;;0,0142;;0;;0,0033;0,0057
632;365;VMY;OMA;1;41;8;1;1,7;0,7;;10;;0,007;;0;;0,0018;0,0059
633;572;CVU;RER;4;65;5;0,6;1,1;0,5;;10;;0,0046;;0;;0,001;0,0016
634;66;PJA;STR;6;7;6;1,3;3,3;2;;10;;0,0541;;0;;0,0099;0,0213
635;338;CVU;OMA;4;38;2;0,8;1,1;0,3;;10;;0,0017;;0;;;0,0006
636;295;VMY;MEB;9;32;5;1,2;2,6;1,4;;10;;0,034;;0;;0,0068;0,018
637;450;VMY;JPK-87;8;50;6;1,2;1,2;0;;10;;0,0055;;0;;0,001;0,0018
638;199;RAR;MEV;1;22;8;1,1;3,8;2,7;;10;;0,0947;;0;;0,0125;0,0323
639;647;CVU;MGK;1;74;2;0,3;2,1;1,8;;10;;0,0217;;0;;0,0036;0,0118
640;132;VMY;RHE;2;14;7;2,6;3,1;0,5;;10;;0,0419;;0;;0,0094;0,0109
641;680;VMY;MGK;4;77;8;0,7;3,8;3,1;;10;;0,0744;;0;;0,0129;0,0313
642;675;RAR;MGK;9;76;5;0,8;1,5;0,7;;10;;0,0324;;0;;0,0054;0,0126
643;218;VMY;MEV;10;23;2;2,3;3,5;1,2;;10;;0,0378;;0;;0,0099;0,0132
